symbol,avg_adj_close,avg_daily_return,avg_volume,volume_volatility,volatility,cumulative_return,avg_intraday_range,beta_proxy,max_drawdown,market_cap
AA,39.7775,0.001078999999999999,4792184.89,2122389.580426741,3.4430534296162087,0.06120058565153741,1.3444999999999998,0.31712021432032644,-0.28068325601012234,Mid-Cap
AAPL,234.4791,0.000790999999999997,47201929.07,18079838.538202643,9.515041478277057,0.08244457228835689,4.2280999999999995,0.24577708869358716,-0.140449872458839,Mega-Cap
AARD,13.3,-0.0706,182666.0,0.0,0.0,0.0,1.5199999999999996,0.0,0.0,Micro-Cap
ABBV,181.9787,0.0001519999999999999,5975828.81,2951849.121030234,9.918610469539805,0.012706747177737121,3.4764,0.010276879683615146,-0.19070020798256904,Mega-Cap
ABT,116.91629999999999,0.001468000000000003,5504044.97,2205955.239641926,5.85124413171156,0.14902788774522757,2.0139000000000005,0.1672692767565912,-0.06449983159312911,Mega-Cap
ACLS,79.96390000000001,-0.004675999999999999,632674.54,343626.1650049784,12.69714339105177,-0.4045250633898967,2.9421000000000004,0.5123616009632762,-0.4511800092549746,Small-Cap
ACN,360.68739999999997,0.0015520000000000009,2538308.56,937762.8950135038,13.161196072569028,0.15335453761778783,6.6821,0.2933099559634677,-0.087481347260712,Mega-Cap
AGI,19.7808,0.000893999999999998,2341912.5,869214.3583150713,1.241020824510485,0.06139933365064243,0.5154000000000001,0.17565159067892824,-0.17939110070257613,Mid-Cap
AGIO,42.9727,-0.002533999999999995,784964.6,537578.7829114402,9.067051780479641,-0.27403846153846156,2.2300000000000004,0.3348255050920706,-0.4837767683322518,Small-Cap
AGNC,9.5074,8.999999999996043e-06,18652583.36,7590462.663077294,0.35988387577162134,0.07194244604316546,0.15150000000000013,0.37802067952235424,-0.11011904761904756,Mid-Cap
ALB,94.809,-8.7999999999996e-05,2315076.8,871694.0542876059,8.730237191173057,-0.08081494057724958,3.6614999999999998,0.36574237798966647,-0.3221470455570591,Mid-Cap
ALDF,10.045384615384615,0.0005217948717948718,69243.52564102564,152344.44993566597,0.05726884213706795,0.0160160160160161,0.03346153846153838,-0.1913618776163973,-0.005940594059405946,Micro-Cap
ALK,57.3319,0.006662999999999997,2622035.16,1221518.5268456992,10.904183581812003,0.8167426241304869,1.6798999999999997,0.03859155618052883,-0.060384870603848784,Mid-Cap
ALLT,5.130700000000001,0.010487,563669.69,516513.83942049695,2.0117805847587165,1.4833333333333334,0.36769999999999997,0.22919920746980194,-0.1965442764578833,Micro-Cap
ALMS,9.1747,-0.006498000000000004,147570.4,167987.26658015096,2.0126591561384353,-0.56070826306914,0.7299000000000001,0.18174982865777475,-0.6286594761171032,Micro-Cap
ALTR,104.7885,0.001718999999999999,883193.11,851267.5233080778,5.787599662077967,0.17850308313842222,1.3622999999999998,0.2008342634934003,-0.06343182434264028,Mid-Cap
ALVR,13.7135,-0.0034880000000000006,20622.11,22952.16160938514,4.199460132450407,-0.4475446428571429,1.1862000000000001,0.19558902545377999,-0.6224709427464485,Nano-Cap
AMAT,181.7696,-0.0009170000000000017,6500540.22,2686505.2433558917,11.744584216746121,-0.12603305785123975,4.9956000000000005,0.44957745202914207,-0.24348641049671982,Large-Cap
AMD,137.1079,-0.002862999999999998,37582275.92,14319829.976980463,18.206276711812066,-0.2784688995215311,4.195699999999999,0.47144904576970476,-0.3775462962962963,Large-Cap
AMGN,289.7841,-0.001329999999999997,3153501.07,2140055.592563602,21.94321427496837,-0.11828477984374053,6.175000000000003,0.31354404083979637,-0.22327539216280057,Large-Cap
AMZN,211.37080000000003,0.001922000000000001,36680466.76,14522499.227012265,18.485292197754532,0.1794924695688056,4.292100000000001,0.41985210392739175,-0.07930873423633811,Mega-Cap
ANET,106.2148,0.0016509999999999928,7715656.12,4508393.671205224,8.550182168299761,0.10872497147006954,3.2794,0.4178138808040325,-0.22739177322446458,Large-Cap
ANGH,0.7669,-0.0011179999999999996,69448.5,349386.7733550376,0.054674334273796504,-0.1585365853658537,0.054299999999999994,0.09195404037485619,-0.2954545454545454,Nano-Cap
AOS,73.8036,-0.0021439999999999988,1170775.94,511386.70014225075,6.430489325836511,-0.2038951671074778,1.4363999999999992,0.2319317413308754,-0.27382146439317956,Mid-Cap
APP,278.5652,0.015827,5346596.67,3729752.0111116846,97.84573411139587,3.0447986045036473,16.765099999999997,0.27417570825163606,-0.22024906600249072,Large-Cap
AREC,0.9489,0.0018259999999999934,356107.81,317833.4624734986,0.19865148914975234,-0.06060606060606066,0.08500000000000002,0.2047801570636822,-0.5303030303030303,Nano-Cap
ARM,144.9987,0.002096999999999999,5701414.79,3497546.0466302475,10.761761210579575,0.12574089754445383,6.5014,0.47327100434473723,-0.2376714868372265,Large-Cap
ASML,727.4942,-0.0001959999999999928,1898291.46,1513688.5839850598,52.002442661743075,-0.058856677728382656,17.836000000000002,0.2826262624681412,-0.243421887436699,Mega-Cap
ASTH,44.369499999999995,-0.003236000000000001,308383.6,153535.9239603671,10.224501407912461,-0.31685078029107483,1.7331999999999999,0.24237985770449252,-0.528621682123441,Small-Cap
ASTS,24.1085,0.0036689999999999995,10263756.84,6085135.950846888,2.541416679211367,0.2063134160090192,2.0233999999999996,0.37879043338918267,-0.37802737802737807,Mid-Cap
ATR,161.9573,-0.0006470000000000061,307881.49,162755.77730014888,8.197198937084622,-0.06647324306898772,2.6428999999999987,0.385097649843649,-0.19328209507543415,Mid-Cap
ATRA,10.3456,0.004838999999999999,174329.9,251743.74004540904,2.5439062939352217,0.16711956521739113,1.0953,0.19999272699057596,-0.663888888888889,Nano-Cap
ATYR,3.1430000000000002,0.007375999999999999,926425.0,741656.3404142832,0.624253089052765,0.9265536723163843,0.22680000000000003,0.3396109136667702,-0.1733668341708543,Micro-Cap
AVGO,197.05470000000003,0.0038480000000000025,27515477.0,20345550.203068547,29.236141893868016,0.3509565217391304,6.833599999999999,0.329729616305537,-0.18943738220315198,Mega-Cap
AVR,6.045853658536585,0.009292682926829261,138114.0243902439,159208.0750672666,0.6757513433569928,0.45272727272727287,0.2958536585365853,-0.13846416098207295,-0.06666666666666676,Micro-Cap
AXP,292.8698,0.0015673502136303113,2494691.64,1049995.9200845556,17.395466144482466,0.1692793504003609,5.373200000000001,0.5848431430531366,-0.0644991582491582,Mega-Cap
AZN,70.22449999999999,-0.000523000000000002,5429230.89,2715599.6247266303,5.004294796886114,-0.04614985740212607,0.9531999999999985,0.2308743193542463,-0.20583061070620756,Mega-Cap
BA,162.4846,0.0020239999999999967,11404395.63,8554296.853626132,12.749551897057307,0.1799104286628277,4.874699999999998,0.07571027904724956,-0.13597698273705283,Large-Cap
BABA,94.8575,0.003872000000000001,21456158.67,14352132.179682028,10.511907185509575,0.3845043845043845,2.4166,0.27165953087937256,-0.3147549353301565,Mega-Cap
BAC,44.3051,0.0016410000000000049,33794401.28,12432246.270065451,2.650360179448844,0.1843631778058008,0.7687999999999999,0.5075815637241224,-0.08692906756472307,Mega-Cap
BBUC,25.0379,0.0010919999999999999,44319.66,23589.999432313805,1.2886264671025394,0.09606625258799184,0.7938999999999997,0.4004270198352243,-0.1664265129682997,Small-Cap
BDL,25.348000000000003,-0.001250999999999998,2134.51,2500.3852531240877,0.7691553809211776,-0.08218181818181824,0.3427999999999999,0.0832699435152769,-0.11818181818181817,Nano-Cap
BEDU,1.8528,-0.0014900000000000002,8443.62,17679.807618005827,0.13756232747156452,-0.24285714285714288,0.1115,0.15284342399919115,-0.31904761904761914,Nano-Cap
BG,84.5007,-0.0032399999999999955,1791283.38,950364.5255809807,7.807810160669266,-0.2710918114143921,1.9560000000000002,0.019618905818219207,-0.2967111292129111,Mid-Cap
BHP,53.236000000000004,-0.00029900000000000114,2317970.49,753806.3242240354,3.956944796331142,-0.05568785491848338,0.7067000000000001,0.3020800348892867,-0.22825564632388273,Large-Cap
BKNG,4767.2358,0.002271000000000003,226905.4,91165.94297070244,355.7033290870294,0.2332501289626998,92.50099999999999,0.2636906251163611,-0.12850685050392996,Large-Cap
BKV,21.508854166666666,0.0030437500000000052,406031.78125,395572.2084021204,2.6056319042823466,0.310803324099723,0.7068750000000001,0.33508908082958266,-0.10683276708191769,Small-Cap
BLD,359.17690000000005,-0.001932000000000003,277793.2,129474.63871485961,30.518321627169968,-0.19881619019550067,10.906500000000003,0.4925198034273018,-0.2551052390481472,Mid-Cap
BLDE,3.8064999999999998,0.0022069999999999985,844613.29,597081.1765429259,0.4558073645032007,0.24172185430463577,0.2645,0.5837095041200692,-0.274949083503055,Micro-Cap
BLK,1005.4585000000001,0.000570999999999998,678148.73,289234.5209312338,37.052960960078316,0.043791396051700904,19.130100000000006,0.5609190437830683,-0.10349586016559342,Large-Cap
BODI,6.5203999999999995,0.0020450000000000017,21362.94,42661.104049279296,0.4759189303682173,0.13095238095238093,0.4659,0.34400345890513895,-0.2027972027972028,Nano-Cap
BOLD,2.7986,-0.0053690000000000005,80981.65,104766.00588819424,0.3837192260552557,-0.39459459459459456,0.24689999999999998,0.2646756143024062,-0.41081081081081083,Nano-Cap
BRBR,71.7722,0.002484999999999998,981086.29,463623.17183160497,6.063750811089596,0.25828683951427656,1.6398000000000001,0.008647922317335983,-0.09874349536743243,Mid-Cap
BRK.B,462.0877,0.000569999999999997,3776183.18,1349261.1614606078,9.321975757869303,0.05409028968306284,6.073200000000001,0.4618315829615022,-0.08367144158317452,Mega-Cap
BSX,91.4289,0.002408999999999997,5759157.25,2604821.0477135866,6.796200794739965,0.2632142857142856,1.5559999999999996,0.3181196637035962,-0.050527989099579784,Large-Cap
BTE,2.7538,-0.002156000000000001,17239742.26,9919864.842416119,0.26882377540355706,-0.21221864951768477,0.09880000000000001,0.09516818780433035,-0.3303303303303303,Small-Cap
BTU,22.791999999999998,-0.003464999999999994,2819556.25,1422293.1164323105,3.6092409454094625,-0.3084470989761092,0.8113000000000002,0.22805678338580937,-0.46399730820995966,Small-Cap
BWLP,12.5472,-0.0005899999999999981,429108.17,214210.43549903907,1.2345580160322527,-0.07988380537400142,0.3239999999999998,0.12513001308868882,-0.3394375408763898,Small-Cap
BWXT,119.2255,0.0006099999999999983,901044.12,406159.7291146557,7.291791895028551,0.013278952859717252,3.2674999999999996,0.3909322767144081,-0.19845438175270114,Mid-Cap
C,69.8197,0.0032579999999999996,13922931.09,6336541.605189847,6.8749870824488415,0.37376197434648484,1.3988999999999996,0.5432315406881708,-0.06449130367862088,Large-Cap
CASH,76.0363,0.001970999999999995,191244.07,101928.28388877248,5.616899942102945,0.20549797205948628,1.9501000000000008,0.5284222692135578,-0.14868529654521867,Small-Cap
CAT,381.6039,-0.0002749999999999981,2215442.66,823949.4740617969,15.105774994078175,-0.04127208097034163,7.4792000000000005,0.5195953536177385,-0.15803663850172123,Large-Cap
CELU,2.3684,0.003935000000000007,733101.81,4700092.2297971705,0.451103517874095,-0.2569444444444444,0.3478,0.15618352002320993,-0.54,Nano-Cap
CENX,19.2989,0.004656,1193309.15,698840.1222025739,2.4231655125083993,0.42935153583617747,0.9941999999999998,0.3270737850419538,-0.30242272347535515,Small-Cap
CFR,132.0703,0.002488000000000009,437592.99,203480.81442852257,10.436240030283756,0.2858931925932551,3.1003999999999987,0.49623747770716137,-0.08506470793983911,Mid-Cap
CFSB,6.9363,0.001231999999999994,5276.83,6067.754561223823,0.38847449638738774,0.13233082706766908,0.12889999999999993,0.0020427905738091825,-0.06791907514450868,Nano-Cap
CMCSA,39.5586,-0.001055999999999995,21455422.97,10053203.918621963,2.971342593522473,-0.1172362185083563,0.7990000000000002,0.1847063280974871,-0.2586553495644406,Large-Cap
CNMD,69.5145,-0.0014700000000000013,435486.12,190314.37998282758,3.9615911952118177,-0.16113177470775775,2.6127,0.3592701424036599,-0.19167097775478525,Small-Cap
COFS,33.764,0.00043199999999999906,29427.85,17132.033398613603,2.3592769822104103,0.040294211704509086,0.8132000000000005,0.42121452308551877,-0.13067878140032074,Micro-Cap
COST,939.3728,0.001728000000000001,1909638.5,604420.7407588734,51.3979291545266,0.17161283270481498,15.894699999999993,0.23747657659407675,-0.08533701023561036,Mega-Cap
CR,163.8607,0.0014050000000000017,250617.89,132503.74876586694,10.151215109134437,0.12504100242734362,4.175599999999999,0.44930109366585524,-0.18630581867388352,Mid-Cap
CRDF,3.3407999999999998,0.008140999999999995,1588803.41,4875735.204901009,0.7417474317618178,0.6627906976744187,0.3123,0.20589832984865847,-0.4352078239608802,Micro-Cap
CRI,56.1678,-0.002089999999999999,1139515.7,997739.9132579946,4.844976275598384,-0.19106623833562797,1.7293000000000007,0.18628423301122837,-0.2542092603728202,Small-Cap
CRM,320.058,0.002225999999999989,5992598.56,3218914.641502696,26.202815678757737,0.23736263736263763,7.695299999999998,0.3326996137673299,-0.1349372669624146,Mega-Cap
CRNT,3.7116000000000002,0.004240999999999998,1622506.96,1646867.461747191,1.025658418733641,0.32567049808429127,0.23790000000000006,0.3943257453481595,-0.36861313868613144,Micro-Cap
CRS,177.2875,0.0021770000000000005,726501.26,956680.6036302374,16.404223487636454,0.19667238204102366,6.074500000000001,0.4063282876423264,-0.15738708854299555,Mid-Cap
CSCO,57.6566,0.002274000000000002,18925356.86,8628416.067901285,3.085912343197546,0.26083576287657917,0.8647,0.5142746197414082,-0.050618672665916686,Mega-Cap
CUBE,45.9268,-0.002496999999999999,1398595.09,539027.5009899744,3.723147598525208,-0.21568627450980393,0.9047,0.1898140736348176,-0.24151583710407243,Mid-Cap
CVX,150.7161,0.000725999999999999,7654311.55,3447963.1586136147,5.734429052273276,0.07524053436699663,2.508,0.1858491745359578,-0.1315625777556605,Mega-Cap
CX,5.789199999999999,0.000760000000000005,10148328.52,5669842.16389055,0.3693939344221542,0.04843749999999991,0.18590000000000004,0.21214153237669212,-0.20155038759689914,Mid-Cap
DBRG,12.7201,-0.003167999999999998,2548110.09,1607970.8197691063,1.883448639538062,-0.30701157249829814,0.47680000000000006,0.43782907082348393,-0.3958456973293769,Small-Cap
DC,2.3328,0.0031300000000000004,296254.06,212033.61152348775,0.2328483271023078,0.3004291845493561,0.09940000000000002,0.2359400325302621,-0.17131474103585642,Micro-Cap
DE,429.70910000000003,0.001819999999999999,1244418.48,568831.6111979451,27.72164982245443,0.1829244260518279,8.697899999999999,0.32051239117930436,-0.11989746461883122,Large-Cap
DFIN,63.179300000000005,2.1999999999998912e-05,184813.15,119984.9355735687,2.9957125103127757,-0.01613626176602434,1.5191,0.480031801968835,-0.16466932978251225,Small-Cap
DHR,241.87709999999998,-0.002642000000000006,3296477.82,1740318.6351677584,19.031260795455665,-0.24310243616084526,4.9714,0.2805325965532141,-0.2739647101188333,Large-Cap
DIS,105.7897,0.001718000000000002,8937385.75,5402362.154891736,8.503629107028308,0.1925237683664649,1.9897000000000002,0.15395109293176748,-0.09070720874615656,Large-Cap
DOX,86.7026,0.000299000000000001,645178.01,346740.90764077054,2.0033293601533844,0.032507015902712766,1.3974999999999995,0.3987932627514087,-0.10970327052198403,Mid-Cap
DSGX,112.4002,0.0013929999999999982,194556.73,109283.16020134589,6.019080600285017,0.12544664413326911,2.1499000000000006,0.4997536507661097,-0.08585317623795008,Mid-Cap
DWSN,1.5116999999999998,0.00034500000000000296,33086.47,206555.99944366372,0.13114919409249567,-0.04516129032258065,0.13069999999999996,0.10988120719768174,-0.2833333333333333,Nano-Cap
EAF,1.7110999999999998,0.004422000000000003,2201899.77,2151766.612583429,0.31420541116288925,0.1399999999999999,0.1685,0.24371912572170612,-0.5486725663716814,Micro-Cap
EDN,34.7652,0.005625999999999999,220528.93,140613.44571829832,8.176938929857938,0.6726966764829616,2.1008,0.1481147214099108,-0.33008328255128994,Small-Cap
EGP,171.2033,-0.000308999999999995,366236.17,166888.03733708218,7.4301248755768965,-0.03616850013415607,3.2209000000000003,0.38834731967174174,-0.1703273270071437,Mid-Cap
EM,0.8255,0.009181,480107.39,1309726.275660858,0.1813438889530222,1.2549019607843137,0.04500000000000001,0.18843988386386978,-0.216867469879518,Micro-Cap
EVCM,10.908,0.00017700000000000292,95807.17,40223.166372771,0.6978610900530999,0.007497656982193179,0.35309999999999986,0.5318182914188633,-0.18330605564648117,Small-Cap
EXEL,32.5538,0.003117999999999998,2263742.86,1298223.1498260007,3.541051541590719,0.32776934749620645,0.8859999999999998,0.17554963645929242,-0.1312047222967534,Mid-Cap
FBIO,1.8107,0.0023609999999999955,588851.55,366097.1298487361,0.21722889756980748,0.19580419580419584,0.1258,0.44436347089275385,-0.2920792079207921,Nano-Cap
FI,205.62439999999998,0.0027100000000000006,2675699.03,1017566.5948665636,13.073816405087669,0.2860409346941051,3.464799999999997,0.36161851108654347,-0.09862890537199365,Large-Cap
FL,22.6102,-0.002997999999999994,3238755.41,2482237.340394868,2.0549422956335883,-0.256860592755214,0.9053,0.28565649680107186,-0.3435225618631732,Small-Cap
FLYX,2.673,0.0024759999999999973,23635.07,28875.162156090224,0.4595133569903334,0.6244541484716157,0.29350000000000004,0.12520539930497357,-0.31333333333333335,Micro-Cap
FNLC,26.6302,4.200000000000105e-05,19382.14,11879.190385822858,1.2713295196268917,0.007047768206734473,0.6227999999999999,0.4131124504889637,-0.17614379084967324,Micro-Cap
FORL,11.074100000000001,0.00024299999999999897,5659.05,27423.13615606061,0.07010951029884252,0.023636363636363678,0.012299999999999986,-0.16957861344298475,-0.008007117437722422,Nano-Cap
FRHC,121.29860000000001,0.005162999999999993,86316.87,32694.98935034684,17.045523421921455,0.6380515281109835,3.3645999999999994,0.2286427696127751,-0.06815809097688297,Mid-Cap
FSEA,9.5474,0.001331,8277.95,9239.325453508962,0.5131672694791088,0.16284153005464486,0.14600000000000007,0.16813801227887867,-0.0566959921798631,Nano-Cap
FSTR,24.7364,0.003579,40427.83,25173.07789179873,3.8103141576250628,0.37157107231920206,0.8669,0.39451432761343774,-0.14702886247877756,Micro-Cap
G,43.596599999999995,0.003702999999999998,1350201.2,883393.6372293571,4.3983643011070175,0.41553098482900475,0.8114999999999994,0.20429005502124342,-0.09837119588512633,Mid-Cap
GBIO,1.5553,-0.012792999999999999,336488.59,386189.77181673324,0.6498414025628473,-0.7605633802816901,0.1423,0.553343780157655,-0.7816901408450704,Nano-Cap
GDRX,5.3326,-0.002576,1246161.28,969825.333286913,0.9761195281999712,-0.2511144130757801,0.2274,0.3360001555059084,-0.4146685472496473,Small-Cap
GE,182.7982,0.0012300000000000021,4922487.07,2249493.6541130804,12.06357748670673,0.10734793704806456,3.804400000000001,0.30941688366261727,-0.1764736217833015,Mega-Cap
GHG,2.7318000000000002,0.001726000000000005,10140.85,9992.62010450864,0.2253409537890201,0.19246861924686187,0.11299999999999998,0.1664022884365797,-0.2760736196319018,Micro-Cap
GILD,90.6707,0.0022719999999999967,6684630.39,2915800.8447180893,4.8429628745263384,0.24960979709448905,1.7823000000000007,0.26163709905545274,-0.10371819960861062,Large-Cap
GLOB,215.44299999999998,0.001999,441654.91,204624.52391439746,10.095772342516398,0.16330655610261746,6.303899999999999,0.4180964405656895,-0.14162057171811016,Mid-Cap
GLP,49.42060000000001,0.0026479999999999963,80812.63,83838.91845274702,4.220650727749993,0.26503094606542876,1.8341999999999996,0.2645092817030886,-0.19368009941416642,Small-Cap
GOOGL,179.75220000000002,0.0014250000000000029,27025617.57,12211655.785427356,13.348633538056752,0.14572895404218467,3.7959000000000005,0.3345384258919077,-0.11033045837774969,Mega-Cap
GOSS,0.9158,0.003312000000000001,1273752.38,1840416.4376938317,0.137048100381515,0.31000000000000005,0.07150000000000001,0.17463111901103676,-0.383177570093458,Micro-Cap
GRAF,10.058,0.00015,29121.78,83590.16801707498,0.04640619951618043,0.012987012987013102,0.05299999999999987,0.025982692411067845,-0.004975124378109541,Micro-Cap
GS,572.0298,0.002992999999999998,2138641.76,1029504.3872024607,50.954704285752506,0.33460621489473463,11.055499999999993,0.6013091852798734,-0.09132193873338279,Mega-Cap
GSRT,10.058181818181819,0.00030151515151515153,39052.28787878788,79442.06271079964,0.06992103438130168,0.021042084168336528,0.010151515151515123,-0.03312435340781218,-0.0029999999999998916,Micro-Cap
GTI,1.6976,0.0010369999999999986,9840995.74,48116882.1916996,1.1161686994610476,-0.8996763754045307,0.27390000000000003,0.15383423605054594,-0.9344729344729344,Nano-Cap
GTX,8.5709,0.001460999999999995,858183.99,385525.94632638997,0.7190398971805203,0.1400247831474597,0.2439,0.2519799198828487,-0.1216867469879519,Small-Cap
GWH,6.2838,-0.0008590000000000031,83608.7,58128.64582757347,1.219623041614237,-0.30742659758203805,0.5770000000000001,0.496527174404464,-0.5928934010152285,Nano-Cap
HD,406.2838,0.0005739999999999961,3172123.44,1049359.7021427678,12.113496753454799,0.05024236362237433,7.046500000000001,0.4077639454733071,-0.10927973665298929,Mega-Cap
HDB,62.906499999999994,-0.0007690000000000009,2684145.24,1338612.3698389619,2.6830848275668138,-0.08783886112373174,0.7454000000000002,0.25388201013760103,-0.14630201440964563,Large-Cap
HG,18.6957,0.00024899999999999787,439648.34,277823.8215773493,0.6093169797553502,0.006482982171798879,0.5025999999999997,0.10915342093183647,-0.16306483300589392,Small-Cap
HIMX,7.1451,0.009280999999999996,2473549.69,3585122.8836097512,1.7713240468045013,1.0260707635009312,0.4791,0.2360064287278059,-0.28871595330739297,Small-Cap
HON,219.15439999999998,7.300000000000404e-05,4106513.83,1901527.751161081,9.75460184795471,-9.863392020525996e-05,4.028500000000001,0.27674615958409926,-0.1408898305084746,Large-Cap
HOND,10.0998,0.000226999999999999,57533.22,535042.9928016562,0.1323522999918454,0.022044088176352616,0.04939999999999999,0.04514143412466103,-0.09639639639639641,Micro-Cap
HQY,96.2615,0.003680000000000004,708346.69,372570.6891014226,9.896090073224567,0.4228535353535352,2.6723000000000003,0.2365916333769286,-0.1295747730530339,Mid-Cap
HSBC,47.6993,0.002280000000000003,1194478.67,388806.0552474354,3.13450212082471,0.23603320619250634,0.47400000000000037,0.29146249698179544,-0.04739538855678915,Large-Cap
HSIC,72.8477,0.000805999999999998,1518590.5,893011.0648736542,3.4958982762053585,0.0610079575596818,1.7812000000000001,0.2622047303469807,-0.11730620654133406,Mid-Cap
HUT,20.6668,0.008324,6114121.01,3117398.7256854745,5.5190578686561835,0.7692307692307692,1.9180999999999997,0.5006109104035609,-0.35152116402116396,Small-Cap
IBM,224.7682,0.002000999999999999,4267571.73,2079158.5716611852,14.073317570293908,0.20233767429018434,4.206499999999999,0.32867425149612656,-0.12904338825153117,Mega-Cap
ICCC,4.3419,0.004167999999999999,14749.03,16007.389196807853,0.7476707196690975,0.4027777777777777,0.25810000000000005,0.09714204329346895,-0.11623246492985972,Nano-Cap
ICMB,3.0214,-0.00012899999999999696,37315.69,28573.495032594044,0.08248685233466457,0.06484641638225264,0.07230000000000004,0.03595465083434651,-0.1019108280254778,Nano-Cap
ILLR,3.2256,-0.0019939999999999936,819567.06,682243.3907477938,1.1389853006740318,-0.5721271393643031,0.5078,0.33400321594022153,-0.7389240506329114,Micro-Cap
INBK,36.3892,-0.0002599999999999951,34229.96,24170.90079393615,3.271704118404331,-0.052768166089965374,1.367,0.44405149575383607,-0.24215246636771293,Micro-Cap
INSE,9.5259,0.0010070000000000031,111437.8,82763.93289813912,0.5534010455101408,0.12307692307692308,0.33740000000000003,0.26507661332948645,-0.20000000000000007,Micro-Cap
INTU,627.0123,-0.000794999999999993,1565810.84,543317.6660490102,28.586197165659236,-0.08197489958270177,13.402199999999995,0.2817474739195375,-0.18229395662841996,Large-Cap
IRBT,8.2425,0.0055959999999999985,1472624.02,1254433.454749404,1.0444430877919406,0.30178326474622774,0.6781,0.25724634183226486,-0.40472440944881893,Micro-Cap
ISRG,534.7384,0.002181793559042116,1413786.24,675994.2242270908,35.52622626975311,0.2177193448790562,10.863499999999998,0.40107879474103314,-0.06318289786223286,Mega-Cap
IZEA,2.6373,0.001030999999999995,31619.68,19244.136928919153,0.15913183023499541,0.08870967741935498,0.1481,0.2650429484110014,-0.21649484536082486,Nano-Cap
JACS,10.103636363636364,0.0004727272727272728,124287.70454545454,232968.06084751236,0.07233934595029244,0.018924302788844827,0.03977272727272723,0.09929661817771221,-0.003910068426197566,Micro-Cap
JNJ,153.1412,-0.000450999999999999,7711186.15,2602846.744550819,6.228404513828473,-0.03563488142292481,2.2071999999999985,0.10562387696520247,-0.13662331348000478,Mega-Cap
JPM,239.0573,0.0028279999999999985,8757335.2,3948208.4815460294,19.7770814126357,0.3227009707809285,4.174300000000002,0.44750693761948884,-0.07959839357429721,Mega-Cap
JRSH,3.264,0.0023490000000000004,15612.92,16939.099978285245,0.2542725810120813,0.297945205479452,0.10989999999999997,0.038958424033066374,-0.05142857142857149,Nano-Cap
KD,31.733,0.005968999999999995,2092332.67,1143453.6657478265,6.499536036277415,0.7692633361558001,0.9595999999999999,0.49552303065914566,-0.0902225755166931,Mid-Cap
KEP,7.6109,-0.0008439999999999992,171239.2,126452.17578574715,0.540452662874448,-0.02257636122177953,0.11150000000000007,0.2195727938293666,-0.2577777777777778,Mid-Cap
KNTK,55.4084,0.003158,566988.98,250490.4288726571,6.297798993427472,0.3336233144845586,1.5431000000000004,0.30159905099541956,-0.12168105554650588,Mid-Cap
KO,64.8123,-0.0003340000000000029,16024428.3,6271911.660267189,3.1887149037462907,-0.03258884674813867,0.9263000000000003,-0.02557184906787839,-0.1473639932697699,Mega-Cap
LCID,2.7567000000000004,0.0005200000000000017,73317812.04,37633120.63155344,0.4661600171788241,-0.043352601156069315,0.17620000000000002,0.4163897263666683,-0.4401114206128134,Mid-Cap
LESL,2.4922999999999997,-0.0041050000000000045,5693304.68,3233328.025902349,0.39928940670024127,-0.4620689655172413,0.17580000000000007,0.25367786862606606,-0.5555555555555556,Micro-Cap
LEU,79.2546,0.012421,1108369.86,946012.3553351875,14.926982241172617,1.2662027833001988,7.379499999999999,0.3452162966436345,-0.39185611248059893,Small-Cap
LIN,451.49440000000004,-0.0002829999999999979,2017371.06,810535.4684491587,19.768020717074997,-0.03975458060178183,5.923500000000003,0.3462705403138541,-0.14860406614705757,Mega-Cap
LLY,823.3689999999999,-0.000678000000000003,3663050.35,2346531.5093933702,58.14995784151262,-0.07760297170326669,20.358600000000003,0.12827719234269228,-0.22002820874471085,Mega-Cap
LOW,262.4436,-0.0002369999999999989,2256961.29,686403.7867592371,9.460616880392974,-0.03165141142988992,4.521700000000001,0.33411714245674573,-0.1354806633758301,Large-Cap
LPAA,10.0221,0.00016,51728.72,87910.78567595237,0.04701804940336067,0.01503006012024044,0.008799999999999884,-0.010121470626642193,-0.002004008016032066,Micro-Cap
LPBB,10.032727272727273,0.00015113636363636251,34935.60227272727,79180.51201382212,0.04740937568478832,0.014028056112224352,0.02136363636363625,-0.026512751858189285,-0.009842519685039353,Micro-Cap
LSB,2.785,0.08331499999999999,70786.82,180155.98742786405,0.94419384672959,2.181818181818182,0.42160000000000003,0.3679742529286331,-0.7067448680351907,Nano-Cap
LTM,27.760900000000003,0.0024599999999999986,202375.84,109742.50636875098,1.5850476174219315,0.2448512585812357,0.5791,0.14490609878126745,-0.0817675713291579,Mid-Cap
LXRX,1.1098999999999999,-0.00474299999999999,4290244.5,3041662.5155382697,0.44904274166095115,-0.5063291139240507,0.1009,0.35356691671559565,-0.6875,Micro-Cap
LZB,43.029300000000006,0.0005919999999999989,386189.87,152629.83724345226,2.3994663779661285,0.06989879971758062,1.0436999999999999,0.5057296017803831,-0.1137640449438202,Small-Cap
MA,522.251,0.0014166044147315942,2557757.68,948675.5987165472,20.505995107615107,0.13922620728607726,7.509000000000004,0.34017688341680297,-0.0572906937647103,Mega-Cap
MAIA,2.2955,-0.0031789999999999995,238124.52,544487.5332186912,0.3517183647192843,-0.34154929577464777,0.19880000000000003,0.14889860644384859,-0.45783132530120474,Nano-Cap
MASI,160.9375,0.004228999999999997,599223.33,391051.3615100835,15.68301322411857,0.45048,4.7483,0.3972959843302613,-0.06978052898142928,Mid-Cap
MBIN,40.4056,-8.900000000000566e-05,160529.57,100322.65154075011,3.1123619015244093,-0.04277482269503541,1.2400000000000007,0.29277378569318235,-0.24060314685314677,Small-Cap
MCD,295.4298,0.0004529999999999949,3324975.62,2123530.7264504964,7.865792835391334,0.03798021933660767,4.4365,0.3034677114733639,-0.11097692747727705,Mega-Cap
MESA,1.1139000000000001,0.0003539999999999999,255898.66,225052.41741475844,0.15861709819052897,-0.05217391304347807,0.0739,0.2571191450935641,-0.2975206611570248,Nano-Cap
META,607.3657,0.002846000000000001,13138003.54,5995613.895986538,46.058892828594615,0.3062451237676429,14.763200000000001,0.31397802623858806,-0.07422054194283179,Mega-Cap
MGLD,1.4153,0.0005289999999999974,20624.91,52544.439619729645,0.24267222354609946,-0.2763157894736842,0.11960000000000001,0.17069976404120327,-0.5121951219512195,Nano-Cap
MLI,80.2796,0.001435999999999999,1082049.0,2362393.6718169795,5.763196349389472,0.1347200893480387,2.2099999999999995,0.3250244113186271,-0.19789695057833856,Mid-Cap
MNR,16.145899999999997,-0.00012799999999999197,234403.92,188076.45627929986,0.8926660726003396,0.013199245757385292,0.4920999999999997,0.20943012770913197,-0.13551912568306013,Small-Cap
MOBX,1.1127,0.009698,903101.89,1896194.1538099064,0.36974152861126924,0.2429906542056075,0.18750000000000003,0.12345516701184665,-0.4930875576036866,Nano-Cap
MRK,100.88629999999999,-0.003328999999999999,12070086.52,6378502.699541592,6.552090059783615,-0.2762859633827376,1.918499999999999,-0.12087493654155156,-0.2762859633827376,Mega-Cap
MRNO,9.797,0.004068,4821.31,6062.607344370919,1.119559346936614,0.2937720329024678,0.6969999999999998,0.12065345254157007,-0.22580645161290325,Mid-Cap
MS,124.385,0.003303999999999998,6364556.83,3212470.8356437637,11.177547435223289,0.37587879988117634,2.372100000000001,0.5542534674884365,-0.10731598180326651,Mega-Cap
MSFT,424.9066,-0.000531000000000003,20838171.62,8143214.83687192,11.837305199404067,-0.05595876479289941,7.051400000000001,0.2866642460964632,-0.10128504158781848,Mega-Cap
MSW,6.532909090909091,0.0011454545454545374,327161.32727272727,437685.06378547003,1.476618600581237,-0.4296407185628742,1.1001818181818181,0.0330960787308841,-0.6435294117647059,Nano-Cap
MTA,3.0855,0.001356000000000005,369620.54,211551.48762466904,0.3927071929490718,-0.015290519877675823,0.1347,0.22188978559733338,-0.36294416243654826,Micro-Cap
MUFG,11.497,0.0021919999999999978,2163273.02,908311.8572707428,0.831387425034234,0.24127906976744184,0.14199999999999985,0.41122357036736545,-0.07188353048225671,Large-Cap
MUSA,503.8122,-0.00010059460007297478,175345.03,67578.08800441476,24.021529677362455,-0.015707758864674792,11.076200000000002,0.24912992974511042,-0.14256138834881538,Mid-Cap
MVIS,1.1765,0.003759999999999997,4485868.81,4170774.95451014,0.24313763404892508,0.25233644859813076,0.11259999999999999,0.3202913535060148,-0.39097744360902253,Micro-Cap
NEE,75.5706,-0.0018120000000000028,10491949.58,4424762.867469297,5.190413817409917,-0.19216617210682485,1.5399999999999994,0.09494725053117933,-0.21093565873202924,Large-Cap
NEN,81.48060000000001,0.00022799999999999993,1652.51,14540.454737373102,1.5928437310405559,-0.007143722000242159,0.2358999999999999,-0.05524626112427637,-0.08427170359607705,Micro-Cap
NFLX,852.5073,0.004329999999999996,3497437.7,2124982.297942227,100.48370183796285,0.500772644144208,19.125800000000005,0.27366248001993465,-0.1154864610916545,Mega-Cap
NINE,1.2061,0.0025730000000000063,1455923.3,2323565.1649223347,0.1851010916807735,-0.008403361344537785,0.14160000000000003,0.2501087780073225,-0.48571428571428565,Nano-Cap
NIO,4.9025,-0.0008539999999999999,58940275.57,32277880.875378903,0.7574243636606007,-0.16541353383458646,0.2541,0.32873857498789416,-0.43966712898751736,Mid-Cap
NKLA,2.3864,-0.017242999999999994,11486805.04,12015872.415434346,1.4945257144362247,-0.8870292887029289,0.24950000000000003,0.3202813561866582,-0.920863309352518,Nano-Cap
NMG,1.63,0.004300000000000005,89805.62,98280.65392216972,0.3186524657670074,0.36879432624113484,0.11590000000000002,0.12830467229254555,-0.24848484848484842,Micro-Cap
NVDA,135.5309,0.002307000000000001,241281686.65,94515483.56865205,8.316469493624306,0.19440860215053757,4.856699999999998,0.3955673069892166,-0.2193000066920967,Mega-Cap
NVO,101.74969999999999,-0.0045489999999999906,7152401.22,6031273.014905692,14.381948102472833,-0.3704931285367825,1.8948999999999996,0.036061473192713425,-0.38660890114218194,Mega-Cap
OFG,42.9167,-0.000424999999999995,310098.58,192213.83727973807,1.6240913885566437,-0.04956798544793084,1.0620999999999996,0.41911849785776706,-0.13255709807433935,Small-Cap
OM,0.8301999999999999,0.0068970000000000056,940126.2,1050492.249052074,0.22908240324116444,0.7307692307692308,0.0975,0.30436548189647555,-0.4571428571428571,Nano-Cap
ONTF,6.4775,0.001187999999999996,109139.02,52938.63702801041,0.2802645755767794,0.14593698175787728,0.18170000000000003,0.5385995705731593,-0.11318051575931232,Micro-Cap
OPRA,17.7322,0.0044729999999999995,491244.4,332557.750885588,1.9027442064427684,0.47602970965563807,0.7422000000000001,0.3849616184603725,-0.13932357395254913,Small-Cap
ORCL,173.8484,0.000676999999999996,9021848.39,6745743.893785793,9.220554412656965,0.05455646382076895,4.0031000000000025,0.46308206706284266,-0.19804095243057374,Mega-Cap
OSTX,2.9684,0.0008030000000000023,695718.81,4261941.079136826,0.9108523258991876,-0.3052959501557633,0.4985,0.1993871749532075,-0.6608527131782946,Nano-Cap
OSUR,3.9572000000000003,-0.0007229999999999989,741438.55,393726.7824018742,0.20228033353080405,-0.108843537414966,0.13520000000000001,0.42102352023361816,-0.19727891156462585,Micro-Cap
OTLY,0.7177,-0.003754999999999995,3330215.8,3696764.2302708672,0.11038824963086276,-0.4565217391304348,0.05019999999999998,0.33014198928375255,-0.6176470588235294,Micro-Cap
OVID,1.0073999999999999,-0.005129,287525.95,314162.2943327407,0.1976202868578471,-0.42342342342342343,0.07229999999999998,0.42469344856114966,-0.573529411764706,Nano-Cap
PAC,182.4745,0.0007930000000000019,77572.12,46221.181364968725,7.710505279595284,0.07425254627094513,5.123100000000001,0.12444110932135972,-0.11558677853027399,Mid-Cap
PAL,10.2207,-0.002669999999999996,303684.28,454927.04945509764,2.141536432781213,-0.34703748488512687,0.587,0.2516185425527958,-0.5374848851269649,Micro-Cap
PANW,186.5539,0.001806999999999998,5291501.84,2572687.557560133,9.873996038467736,0.162356906269975,5.0155,0.38672638524911473,-0.17309682187730968,Large-Cap
PAX,11.716099999999999,0.001363000000000005,604246.97,235850.4304897729,0.5071586427232503,0.13303571428571437,0.2981,0.4522674366296265,-0.13886733902249815,Small-Cap
PBFS,11.376600000000002,0.000988,25885.39,18148.627820181187,0.32028781248789795,0.07226738934055987,0.23010000000000003,0.338859740041872,-0.08907563025210086,Micro-Cap
PBI,7.6389,0.004566999999999999,1978896.56,1356328.971433213,0.7701710357072803,0.5106990014265336,0.3148,0.3579502742977064,-0.1426829268292682,Small-Cap
PCB,19.5059,0.0008860000000000019,27943.66,29739.867287654,1.2435401525930354,0.09095831077422845,0.49540000000000006,0.5233625221321929,-0.1570969223702342,Micro-Cap
PCYO,11.9599,0.001529999999999993,41472.66,27539.451377361547,1.1837865073354643,0.13977485928705446,0.359,0.4552912277629004,-0.23718386876281616,Micro-Cap
PDD,114.0439,0.0028189999999999986,11623223.76,8093326.915521306,15.117517893577196,0.21368523949169105,4.0694,0.21970569387602573,-0.38815064497309915,Large-Cap
PEP,158.4483,-0.001705,6173123.02,2187846.211396906,9.460229251178205,-0.15974216232053917,2.424100000000002,-0.004904447382791094,-0.18304696449026348,Large-Cap
PFE,26.4883,-0.0013119999999999929,40124570.86,17408920.821399145,1.1770362154688554,-0.10073969707643537,0.5262,0.22677955446909698,-0.16552667578659375,Large-Cap
PG,167.8268,-0.0006099999999999991,6884135.03,2838538.173373594,4.423897198652166,-0.05131042516016304,2.3094999999999986,-0.020266197466805837,-0.11768657969878515,Mega-Cap
PGNY,17.3232,0.0035679999999999957,1808570.61,865253.5102343631,2.9165653246463203,0.3007562536358346,0.6573,0.2108538899116533,-0.20477021524141947,Small-Cap
PGR,246.5812,0.00022141736227044567,2380790.72,827574.3739879195,7.799554413587029,0.03971176307558322,4.832700000000002,0.2706791205602163,-0.10893717059113495,Large-Cap
PLTR,65.2933,0.012729000000000004,75933389.19,41165106.7739581,21.088889173585173,2.1399209486166004,3.3651999999999993,0.35892545832244666,-0.21121631463947554,Mega-Cap
PM,126.0065,0.002375000000000002,5213365.33,2097742.9775609025,7.573287768615607,0.27034785545423845,2.163199999999998,-0.04863168635801323,-0.10980243161094216,Mega-Cap
PNFP,113.8856,0.002116000000000005,500551.98,231095.47566079363,10.828568399181727,0.2102667337695019,3.0418999999999996,0.5471591983375187,-0.14565653448541893,Mid-Cap
PODC,1.9101,0.0020749999999999953,44440.4,42364.428810791804,0.42954167493393536,0.08241758241758235,0.2146,0.18017950170113192,-0.3846153846153846,Nano-Cap
POLE,10.0357,0.000227,36801.42,126121.09340919508,0.056893574223096016,0.017034068136272618,0.05849999999999993,0.05142324170296118,-0.025365853658536608,Micro-Cap
PRI,282.8415,0.0009250000000000011,141928.25,85887.48066121631,11.779889332110367,0.06515645124630653,5.134100000000001,0.45625769178688563,-0.12491391466894053,Mid-Cap
PSEC,4.5667,-0.002074000000000001,3144879.67,2665491.5404188177,0.36122981576550406,-0.1531007751937985,0.09940000000000004,0.16890989226537761,-0.21579961464354525,Small-Cap
PVL,1.5094,-0.0014229999999999918,59029.61,42856.27830598807,0.07208048251500501,-0.12962962962962976,0.0456,0.01074770577466848,-0.17901234567901236,Nano-Cap
QCOM,164.5886,0.00037199999999999885,7902479.84,3230181.8910152134,6.412322735849052,0.04324913683445386,4.331399999999999,0.5349182531956623,-0.1507622811970637,Large-Cap
REFR,1.8616,-0.004354999999999996,27816.5,18994.534693224814,0.25023512175874985,-0.36,0.1109,0.14041412257684677,-0.39393939393939403,Nano-Cap
REXR,42.184400000000004,-0.002190000000000001,1967456.37,899878.8153003026,3.446846991355748,-0.20653029110936272,0.9888999999999994,0.31784152532942433,-0.2717476489028213,Mid-Cap
RGC,5.312200000000001,-0.0025479999999999973,78932.67,290722.4637501733,0.9919581491660678,-0.35344827586206895,0.7028,0.02472154542619742,-0.5591133004926108,Nano-Cap
RGLD,142.6317,0.000363999999999999,396206.25,193333.37239688088,5.827371161730262,0.027573658058646755,3.155500000000001,0.31414303975320024,-0.1505593132154005,Mid-Cap
ROOT,74.7,0.014554999999999998,557779.8,1360055.4278619776,25.637284205120906,2.404580152671756,6.7296000000000005,0.04436316076695799,-0.349908592321755,Small-Cap
RRC,34.5266,0.002574999999999998,2346529.99,906282.4921712275,3.270324859531345,0.22957074721780613,0.9650999999999997,0.30140018961087983,-0.102930491644466,Mid-Cap
RTX,121.3399,0.0004380000000000001,4743970.35,1787163.3858074974,4.107562007622601,0.023238318147621895,2.1059,0.21176012364971622,-0.09830883515094047,Large-Cap
RUN,11.881099999999998,-0.006444000000000001,9254072.42,4949960.751347444,3.0540805275380163,-0.5335801163405605,0.7614,0.13936098482368556,-0.5771670190274842,Small-Cap
RY,121.4436,-0.00019799999999999492,1098121.64,897167.9821412285,2.0414529980957967,-0.01709189992568738,1.5426,0.4625723693782074,-0.07498424700693129,Large-Cap
SAND,5.8504,0.00046499999999999813,4000762.19,1749325.01046249,0.30758400347209097,0.02741935483870961,0.1604,0.17864665910454675,-0.171826625386997,Small-Cap
SAP,246.90349999999998,0.002490999999999995,928015.03,367922.48926794395,19.00508599525056,0.26145634438465537,3.3440999999999996,0.31829528935700985,-0.05777722751846803,Mega-Cap
SBLK,17.467,-0.002753000000000001,1824688.69,683022.8179475587,2.506366640652108,-0.2296650717703348,0.4204999999999998,0.08256465529567081,-0.3722659667541557,Small-Cap
SBUX,97.5301,0.0016899999999999999,8506735.47,4671745.61101354,5.890615631252091,0.19251960161051063,1.9483,0.2600544098484545,-0.14693477194703286,Large-Cap
SCHW,75.1401,0.0022069999999999993,9224056.49,8358060.743713225,6.224445047674141,0.2457745386881689,1.4924999999999986,0.2808514635847503,-0.12777037665011504,Large-Cap
SEI,22.147199999999998,0.008968999999999994,656004.32,523973.41518331476,7.076236099320977,1.0435413642960816,1.3689999999999998,0.3384746691454953,-0.31389365351629495,Small-Cap
SER,5.6336,-0.000126,23276.66,33267.72236444172,1.0955405657998842,-0.41019698725376597,0.597,-0.17562717145985143,-0.5191193511008112,Nano-Cap
SEZL,267.7772,0.011185431053062625,123132.49,84309.56967148995,82.34729947894313,1.0740198768367786,26.9613,0.3213922723917139,-0.5216810344827586,Small-Cap
SFST,38.575900000000004,0.0009580000000000051,17918.62,11116.263092742573,3.5706203221357073,0.06826347305389224,1.0465,0.4380767376883333,-0.2501114578689255,Micro-Cap
SHOP,100.8325,0.005408000000000003,7417314.25,7114107.826981047,15.630966311405158,0.602172013481463,3.4199,0.37709672067375216,-0.14963595279939745,Large-Cap
SIMO,54.7325,0.0006090000000000013,307190.62,166900.2231664951,2.631505454981229,0.046709916589434686,1.9103000000000006,0.4696103097112056,-0.1719681908548708,Small-Cap
SKWD,47.2616,0.0023359999999999948,323287.51,184799.08175164842,3.9307905802597327,0.21137026239067058,1.3787,0.25922017297368727,-0.2335699981795012,Small-Cap
SKX,66.79310000000001,0.00046300000000000383,2200991.29,1415526.874723961,4.606398644792638,0.015847860538827252,1.8082000000000003,0.3682926287746495,-0.19606339468302658,Mid-Cap
SMRT,1.6397,-0.0010029999999999972,1036281.52,603629.5085011525,0.12907170507320753,-0.13372093023255816,0.0874,0.3047280479443967,-0.3163265306122448,Micro-Cap
SNY,51.5074,-0.000452000000000002,2267011.19,977433.363546907,3.164804434891847,-0.05101863137732887,0.7356999999999997,0.1782826945382574,-0.20398959236773628,Large-Cap
SONY,20.088800000000003,0.002781999999999998,3224030.69,1380690.280056325,1.5734651203151864,0.2854100106496271,0.2619000000000001,0.29624970110122484,-0.1117068811438785,Large-Cap
SPGI,508.6289,0.0003622007951487921,1218290.01,400332.7841792588,13.758291523530994,0.0375261933598634,7.858099999999997,0.3907758224482836,-0.09195576427813978,Large-Cap
SPIR,13.367799999999999,0.004234,408059.8,587860.6184951282,3.3024914317172205,0.1501472031403337,0.9638,0.3230411978282888,-0.5129932627526468,Micro-Cap
SPOT,457.5075,0.0058879999999999965,2301401.82,2934178.809612756,75.24590370910563,0.7294382266063248,13.1559,0.3246476909824157,-0.10947888052868349,Large-Cap
SPRU,2.6660000000000004,0.00031900000000000304,53284.79,42915.48587638218,0.21440544995334668,-0.019379844961240456,0.16080000000000003,0.2631350934545012,-0.21405750798722045,Nano-Cap
SSBI,7.4026,-0.0010500000000000067,20888.89,27648.410483800086,0.5285994836749414,-0.17471264367816086,0.3511000000000001,0.024812723023880615,-0.2942528735632184,Nano-Cap
STC,69.4237,-0.0007219999999999999,165377.75,75910.53249652885,3.8416499125382275,-0.07415912467918406,1.6502,0.4372643019574061,-0.22329463936350602,Small-Cap
SWVL,4.805,0.006867000000000009,35372.07,57983.46846644388,1.3068471582206904,0.7307692307692308,0.5025000000000001,0.07443767949089189,-0.3686502177068215,Nano-Cap
SYK,373.0033,0.0006149999999999989,1253385.41,521655.8497443375,14.715304755610916,0.0556636610299559,6.645500000000002,0.29837214325291567,-0.09216848992945503,Large-Cap
SYPR,1.7538999999999998,0.005168000000000006,92906.9,359275.63045497274,0.3590557059844614,0.2682926829268293,0.17339999999999997,0.09709114747405813,-0.3639344262295082,Nano-Cap
SYT,1.7324000000000002,0.0010580000000000025,15598.28,21064.128638867252,0.15158502631203438,-0.07650273224043724,0.13249999999999998,0.10508469532436554,-0.42201834862385323,Nano-Cap
T,22.4881,0.001927999999999997,34372560.39,13484612.354355859,1.1175104862455163,0.2348448687350837,0.4031999999999998,0.03810055635660048,-0.0856658184902459,Large-Cap
TACT,4.2934,-3.299999999999893e-05,18686.27,19546.058249375496,0.20830348877141597,-0.02608695652173898,0.18640000000000007,0.24230688661911814,-0.19753086419753096,Nano-Cap
TARS,46.4876,0.004190999999999992,655980.65,426605.1997124799,7.391148148257819,0.5135623869801085,2.495,0.23405386521224134,-0.21120996441281148,Small-Cap
TCBS,15.089400000000001,0.000339,3116.97,4211.0024225986035,0.335910702419557,0.07604306864064614,0.14980000000000007,0.08182459397185873,-0.019480519480519543,Nano-Cap
TGI,17.6905,0.007345999999999999,1249851.08,2396464.187471262,3.43650438290676,0.8678966789667895,0.5607,0.10721679731190208,-0.14022140221402213,Small-Cap
TJX,119.8802,0.000574000000000003,4748293.68,1696567.1568664757,4.514368302621888,0.06802954818759654,1.8005000000000002,0.3943869579681785,-0.0635546443778583,Large-Cap
TM,179.6121,0.00015900000000000012,389021.67,158883.75477930013,7.369679391488706,0.008208383495676985,2.1247,0.40747488112075725,-0.09392542101042511,Mega-Cap
TMUS,226.4073,0.003191999999999997,3649255.15,1382696.263116769,14.466696191493407,0.342420937840785,4.080700000000002,0.15595466531936272,-0.1443265570583947,Mega-Cap
TORO,2.9865,-0.001686999999999992,41558.53,57973.45259623913,0.3021484517065856,-0.21994134897360706,0.1566,0.042936080333763574,-0.3285302593659942,Nano-Cap
TRMD,23.1688,-0.005698999999999995,1223659.55,546291.0773175738,4.429912619700511,-0.4172989377845221,0.6435000000000001,0.01680715474462143,-0.4637421665174575,Small-Cap
TRUE,3.7524,0.0007140000000000059,255161.17,157629.56054310122,0.3564587896052902,0.021406727828746197,0.1693,0.4367562043681586,-0.29540481400437635,Micro-Cap
TSLA,338.4703,0.004962000000000003,86919036.83,33989794.01607334,75.28183874855628,0.42335999999999996,16.067200000000003,0.3230784585060329,-0.31542533238861337,Mega-Cap
TSM,196.82580000000002,0.0019874970425965504,14631642.04,8860187.076688526,11.238630814554684,0.17049368541905863,5.550599999999998,0.2776028922077778,-0.14384293473421783,Mega-Cap
TTE,59.8658,-0.001095000000000002,1871730.52,854017.8740735349,4.157882420442196,-0.08724732461355533,0.8163999999999996,0.19502935290412338,-0.22733918128654973,Large-Cap
TVTX,18.2596,0.004821000000000004,1605725.33,1012061.7900241918,2.0515699433173737,0.5789110957960029,1.0189,0.1768836971259884,-0.15062972292191446,Small-Cap
TXN,194.75639999999999,-0.000879999999999997,5700554.81,2337574.792409366,9.083082901190474,-0.08944828615491762,4.2487999999999975,0.3811342341167028,-0.18168099506127688,Large-Cap
UBER,71.0174,0.0011110000000000009,24253614.56,15594506.270234054,6.452774615808651,0.06304376924106547,2.118799999999999,0.11320256244031618,-0.3058837155432014,Large-Cap
UCL,1.3688999999999998,0.005272999999999997,163245.94,478429.7283370706,0.3080826827232253,0.0078125,0.1725,-0.21400509409608146,-0.5896551724137931,Nano-Cap
UFPT,284.5402,-0.0027126182623301255,85268.17,45121.84809464102,29.166289105088733,-0.26025508445363676,12.758000000000003,0.3641095126716551,-0.3142307250373435,Small-Cap
UG,11.1474,-0.0024760000000000055,14783.56,14371.2900346138,1.8891570564244728,-0.26387009472259804,0.5385,0.1592688491878119,-0.3992197659297789,Nano-Cap
UL,59.1772,-0.0015300000000000018,2235157.18,1201732.3277269728,2.623256931620104,-0.14740602671637149,0.5511000000000004,0.04862451834345361,-0.15711645101663585,Large-Cap
ULCC,6.7933,0.008437000000000002,2651012.82,1277110.3937752824,1.248020699614661,1.1071428571428568,0.4060000000000001,0.15457189100113353,-0.2585969738651994,Small-Cap
UNH,556.1037,-0.0007319999999999981,4282997.33,2519367.1816614205,34.72927361416701,-0.08360319988796894,12.554600000000002,0.17549277781433642,-0.22057407050664612,Mega-Cap
UNP,237.622,0.00025800658739247474,2592511.16,930015.6036585071,7.2012306748446235,0.02724537323276044,4.096399999999997,0.40598577032585187,-0.099838644614764,Large-Cap
UROY,2.5078,4.400000000000286e-05,2122119.05,948266.6823861757,0.2202000009174398,-0.09387755102040818,0.1382,0.24685523331336623,-0.31493506493506496,Micro-Cap
V,307.66540000000003,0.002242999999999998,6043311.8,2815918.1132130558,22.45858183007523,0.2302155771905423,4.250500000000002,0.33671120638555674,-0.06582058414464531,Mega-Cap
VCIC,10.082799999999999,0.000385999999999998,29880.77,88188.90919696537,0.07687166269342839,0.038000000000000034,0.046099999999999926,0.0002840905887499564,-0.014705882352941013,Micro-Cap
VFC,21.3896,0.0038600000000000023,6314584.81,3936473.819771224,2.355001091595106,0.40065681444991785,0.8569000000000001,0.21669811970636244,-0.2224316682375117,Mid-Cap
VLN,2.2524,0.003673000000000002,518100.61,527221.6338204849,0.42884415949306465,0.24311926605504586,0.1672,0.19809707078161337,-0.3179190751445087,Micro-Cap
VSEC,102.4321,0.0015179999999999998,225049.54,171683.93257904617,10.83813807623782,0.16951190189949505,3.8192000000000013,0.41223998558301805,-0.2545154639175258,Small-Cap
VZ,40.903,-0.000705999999999997,18972808.92,7618121.018266207,1.6165566972907393,-0.04251343144125208,0.6480000000000007,0.02921512885660308,-0.13517840805123504,Large-Cap
WAL,87.0819,0.0004800000000000012,1140659.7,722340.3629650602,4.133209356645103,0.03679906542056077,2.575,0.4599629225708625,-0.18071151222583703,Mid-Cap
WCC,187.2189,0.0018839999999999966,707423.68,418639.3610122502,14.029473153315326,0.17585568365091686,5.024100000000001,0.5002272068298739,-0.17670286278381053,Mid-Cap
WCT,3.5477173913043476,0.003225000000000001,1875145.456521739,4350947.865861824,2.7691257410605443,-0.4522613065326633,0.6129347826086956,0.08455340863237372,-0.8932146829810901,Nano-Cap
WFC,69.5316,0.0037169999999999994,16558108.21,8175440.857054743,7.5844240600873745,0.4667155694113332,1.4237,0.46480197392402006,-0.11108223983370136,Mega-Cap
WMK,68.3871,0.0004000000000000041,75099.69,34349.225837127684,3.2669144293796375,0.05265493270226296,1.6112999999999997,0.3254795822046415,-0.16750463085472345,Small-Cap
WMS,134.416,-0.001573000000000003,589388.6,339877.8844691609,15.321837653849155,-0.17384795626139016,3.9166000000000003,0.36937212538403064,-0.30918998346905047,Mid-Cap
WMT,89.1918,0.002811,15345194.23,5738787.725647129,7.214129567324218,0.2980661260137243,1.3613,0.14111601382621813,-0.057492931196983954,Mega-Cap
WTRG,37.204,-0.000677000000000002,1401215.06,664137.1190587018,1.896230178245476,-0.06432748538011679,0.6755000000000001,0.2200001080568312,-0.16862941618641936,Mid-Cap
WYNN,90.586,0.001456000000000003,2843035.44,1966691.170803672,7.181291631381455,0.11038879859982487,2.4784,0.23106480939568172,-0.27440633245382584,Mid-Cap
XOM,113.16,-0.0005470000000000008,14841946.48,4776957.888262788,5.427793420363503,-0.06155713542569796,2.0012000000000008,0.2474001583006355,-0.15144874604334058,Mega-Cap
ZBAO,2.5976,-0.008732999999999996,156364.25,1094659.3154525834,0.9198420154207649,-0.6379746835443039,0.2394,0.09275863690821165,-0.6582278481012658,Nano-Cap
ZBIO,13.4553,-0.008243000000000002,257286.08,371673.9932480114,5.544813839539743,-0.6250672404518558,1.4614999999999998,0.327198736498992,-0.7496105919003115,Micro-Cap
ZEPP,3.1169,0.00040000000000000034,18528.51,23009.953499088217,0.35319521314120145,-0.03809523809523818,0.2293,0.2103565220975043,-0.4298850574712644,Nano-Cap
